{
  "1": {
    "width": 2,
    "paths": [
      [
        [
          [
            -101.00771573996681,
            33.32460140826421
          ]
        ],
        [
          [
            -101.00777898792626,
            33.3248664064202
          ]
        ]
      ],
      [
        [
          [
            -101.0077130539496,
            33.32458873157929
          ]
        ],
        [
          [
            -101.00766594119743,
            33.324334487969764
          ]
        ]
      ]
    ]
  },
  "2": {
    "width": 2,
    "paths": [
      [
        [
          [
            -101.00772734280385,
            33.32395227885137
          ]
        ],
        [
          [
            -101.00774976147336,
            33.32383876299287
          ]
        ]
      ],
      [
        [
          [
            -101.0077250292491,
            33.32396501016969
          ]
        ],
        [
          [
            -101.00766533258358,
            33.32432460277468
          ]
        ]
      ]
    ]
  },
  "3": {
    "width": 2,
    "paths": [
      [
        [
          [
            -101.00764503993254,
            33.32432500949973
          ]
        ],
        [
          [
            -101.00765255366447,
            33.32384071137299
          ]
        ]
      ]
    ]
  },
  "4": {
    "width": 2,
    "paths": [
      [
        [
          [
            -101.00791774530144,
            33.324109490100334
          ]
        ],
        [
          [
            -101.00823580045332,
            33.32382901995961
          ]
        ]
      ],
      [
        [
          [
            -101.00790693140387,
            33.32411862062708
          ]
        ],
        [
          [
            -101.00779418998924,
            33.32420976553731
          ]
        ]
      ],
      [
        [
          [
            -101.00775409868366,
            33.32425455978937
          ]
        ],
        [
          [
            -101.00778420373244,
            33.324219440293724
          ]
        ]
      ],
      [
        [
          [
            -101.00774473596766,
            33.32426475024066
          ]
        ],
        [
          [
            -101.0076862798361,
            33.32432418292602
          ]
        ]
      ]
    ]
  },
  "5": {
    "width": 2,
    "paths": [
      [
        [
          [
            -101.00609722813839,
            33.323871875185034
          ]
        ],
        [
          [
            -101.00632565826864,
            33.32397012228009
          ]
        ]
      ],
      [
        [
          [
            -101.00656938684078,
            33.32407658522657
          ]
        ],
        [
          [
            -101.00676774717721,
            33.32413079124374
          ]
        ]
      ],
      [
        [
          [
            -101.0074892729157,
            33.32429739451683
          ]
        ],
        [
          [
            -101.00756290837187,
            33.32431565893534
          ]
        ]
      ],
      [
        [
          [
            -101.00676345618554,
            33.32412960702756
          ]
        ],
        [
          [
            -101.00676774717721,
            33.32413079124374
          ]
        ]
      ],
      [
        [
          [
            -101.00713233125174,
            33.324230279038076
          ]
        ],
        [
          [
            -101.00738149071748,
            33.32427450586901
          ]
        ]
      ],
      [
        [
          [
            -101.00632565826864,
            33.32397012228009
          ]
        ],
        [
          [
            -101.00656938684078,
            33.32407658522657
          ]
        ]
      ],
      [
        [
          [
            -101.00676774717721,
            33.32413079124374
          ]
        ],
        [
          [
            -101.00711741510524,
            33.32422729101773
          ]
        ]
      ],
      [
        [
          [
            -101.00757670250255,
            33.324320878010795
          ]
        ],
        [
          [
            -101.00758678038494,
            33.32432617717593
          ]
        ]
      ],
      [
        [
          [
            -101.00739643172535,
            33.32427741708679
          ]
        ],
        [
          [
            -101.00747448036181,
            33.32429399078224
          ]
        ]
      ]
    ]
  },
  "6": {
    "width": 2,
    "paths": [
      [
        [
          [
            -101.00754075940036,
            33.32435765851656
          ]
        ],
        [
          [
            -101.00758738898998,
            33.32433606237139
          ]
        ]
      ],
      [
        [
          [
            -101.00637031463356,
            33.324800613218166
          ]
        ],
        [
          [
            -101.00695209024863,
            33.32458862823385
          ]
        ]
      ],
      [
        [
          [
            -101.00696608903401,
            33.324583359955966
          ]
        ],
        [
          [
            -101.00744521456694,
            33.324397253833304
          ]
        ]
      ],
      [
        [
          [
            -101.00635637543958,
            33.324805984989595
          ]
        ],
        [
          [
            -101.00612643534654,
            33.3248995189899
          ]
        ]
      ],
      [
        [
          [
            -101.00752715971163,
            33.32436360938913
          ]
        ],
        [
          [
            -101.00745906092921,
            33.32439170888898
          ]
        ]
      ]
    ]
  },
  "7": {
    "width": 2,
    "paths": [
      [
        [
          [
            -101.00836581112856,
            33.32409928684518
          ]
        ],
        [
          [
            -101.00780808111558,
            33.324275810773536
          ]
        ]
      ],
      [
        [
          [
            -101.00838008813604,
            33.324094575628905
          ]
        ],
        [
          [
            -101.00867457278508,
            33.323993386061034
          ]
        ]
      ],
      [
        [
          [
            -101.00780529490812,
            33.3242775724614
          ]
        ],
        [
          [
            -101.00773841609434,
            33.324316035833505
          ]
        ]
      ],
      [
        [
          [
            -101.00867458976877,
            33.32399337893252
          ]
        ],
        [
          [
            -101.00930508583119,
            33.323807578641286
          ]
        ]
      ],
      [
        [
          [
            -101.0077379326736,
            33.32431634270053
          ]
        ],
        [
          [
            -101.00772867898985,
            33.324323203694796
          ]
        ]
      ],
      [
        [
          [
            -101.00772542465917,
            33.32432384646352
          ]
        ],
        [
          [
            -101.00772359212911,
            33.32432343506189
          ]
        ]
      ]
    ]
  },
  "8": {
    "width": 2,