{
  "1": {
    "width": 2,
    "paths": [
      [
        [
          1202612.711678,
          7173986.55054
        ],
        [
          1202595.7,
          7174083.4
        ]
      ],
      [
        [
          1202613.421778,
          7173981.92004
        ],
        [
          1202625.6,
          7173889.100000001
        ]
      ]
    ]
  },
  "2": {
    "width": 2,
    "paths": [
      [
        [
          1202603.531497,
          7173750.525915001
        ],
        [
          1202595.7,
          7173709.4
        ]
      ],
      [
        [
          1202604.348518,
          7173755.1398370005
        ],
        [
          1202625.7,
          7173885.5
        ]
      ]
    ]
  },
  "3": {
    "width": 2,
    "paths": [
      [
        [
          1202631.9,
          7173885.5
        ],
        [
          1202625.4,
          7173709.4
        ]
      ]
    ]
  },
  "4": {
    "width": 2,
    "paths": [
      [
        [
          1202546.756213,
          7173809.0968740005
        ],
        [
          1202447.2,
          7173709.4
        ]
      ],
      [
        [
          1202550.137599,
          7173812.339095
        ],
        [
          1202585.35541,
          7173844.669443
        ]
      ],
      [
        [
          1202597.986526,
          7173860.67026
        ],
        [
          1202588.48879,
          7173848.115656001
        ]
      ],
      [
        [
          1202600.93398,
          7173864.308595001
        ],
        [
          1202619.3,
          7173885.5
        ]
      ]
    ]
  },
  "5": {
    "width": 2,
    "paths": [
      [
        [
          1203100.6,
          7173709.4
        ],
        [
          1203031.7,
          7173746.800000001
        ]
      ],
      [
        [
          1202958.2,
          7173787.300000001
        ],
        [
          1202898.1,
          7173808.462009001
        ]
      ],
      [
        [
          1202679.224488,
          7173874.319999
        ],
        [
          1202656.898108,
          7173881.500150001
        ]
      ],
      [
        [
          1202899.4,
          7173808.0
        ],
        [
          1202898.1,
          7173808.462009001
        ]
      ],
      [
        [
          1202787.63584,
          7173847.306095
        ],
        [
          1202711.937619,
          7173865.208969001
        ]
      ],
      [
        [
          1203031.7,
          7173746.800000001
        ],
        [
          1202958.2,
          7173787.300000001
        ]
      ],
      [
        [
          1202898.1,
          7173808.462009001
        ],
        [
          1202792.164627,
          7173846.110536001
        ]
      ],
      [
        [
          1202652.731318,
          7173883.499055
        ],
        [
          1202649.7,
          7173885.5
        ]
      ],
      [
        [
          1202707.400579,
          7173866.376785001
        ],
        [
          1202683.711918,
          7173872.974117001
        ]
      ]
    ]
  },
  "6": {
    "width": 2,
    "paths": [
      [
        [
          1202664.026122,
          7173896.615282
        ],
        [
          1202649.6,
          7173889.100000001
        ]
      ],
      [
        [
          1203025.272177,
          7174049.201716
        ],
        [
          1202845.784481,
          7173976.335547
        ]
      ],
      [
        [
          1202841.464153,
          7173974.521331
        ],
        [
          1202693.545048,
          7173910.320869001
        ]
      ],
      [
        [
          1203029.575186,
          7174051.0540350005
        ],
        [
          1203100.6,
          7174083.4
        ]
      ],
      [
        [
          1202668.230532,
          7173898.680665
        ],
        [
          1202689.268843,
          7173908.40493
        ]
      ]
    ]
  },
  "7": {
    "width": 2,
    "paths": [
      [
        [
          1202409.848001,
          7173808.652787
        ],
        [
          1202581.687248,
          7173868.793492001
        ]
      ],
      [
        [
          1202405.447507,
          7173807.043280001
        ],
        [
          1202314.645762,
          7173772.38502
        ]
      ],
      [
        [
          1202582.553331,
          7173869.413961001
        ],
        [
          1202603.309167,
          7173882.916737
        ]
      ],
      [
        [
          1202314.640514,
          7173772.382551
        ],
        [
          1202120.5,
          7173709.4
        ]
      ],
      [
        [
          1202603.459447,
          7173883.0248300005
        ],
        [
          1202606.344691,
          7173885.452930001
        ]
      ],
      [
        [
          1202607.344,
          7173885.663000001
        ],
        [
          1202607.9,
          7173885.5
        ]
      ]
    ]
  },
  "8": {
    "width": 2,
    "paths": [
      [
        [
          1202250.974292,
          7174016.452174
        ],
        [
          1202120.5,
          7174083.4
        ]
      ],
      [
        [
          1202604.741463,
          7173890.967372
        ],
        [
          1202607.3,
          7173889.100000001
        ]
      ],
      [
        [
          1202488.490271,
          7173919.763412001
        ],
        [
          1202255.227867,
          7174014.501719001
        ]
      ],
      [
        [
          1202492.93484,
          7173918.344317
        ],
        [
          1202600.609824,
          7173892.869249
        ]
      ]
    ]
  },
  "1175": {
    "width": 2,
    "paths": [
      [
        [
          1202694.583966,
          7173821.243805001
        ],
        [
          1202637.6,
          7173885.5
        ]
      ],
      [
        [
          1202727.125648,
          7173773.170846
        ],
        [
          1202773.9,
          7173709.4
        ]
      ],
      [
        [
          1202697.434434,
          7173817.545121
        ],
        [
          1202724.44099,
          7173777.009744001
        ]
      ]
    ]
  },
  "1176": {
    "width": 2,
    "paths": [
      [
        [
          1202700.783384,
          7173980.230454001
        ],
        [
          1202637.7,
          7173889.100000001
        ]
      ],
      [
        [
          1202703.416082,
          7173984.106997
        ],
        [
          1202725.871061,
          7174017.813218
        ]
      ],
      [
        [
          1202728.556682,
          7174021.651386
        ],
        [
          1202773.9,
          7174083.4
        ]
      ]
    ]
  },
  "1177": {
    "width": 2,
    "paths": [
      [
        [
          1202625.4,
          7174083.4
        ],
        [
          1202631.3,
          7173889.100000001
        ]
      ]
    ]
  },
  "1178": {
    "width": 2,
    "paths": [
      [
        [
          1202447.2,
          7174083.4
        ],
        [
          1202619.9,
          7173889.100000001
        ]
      ]
    ]
  },
  "1179": {
    "width": 2,
    "paths": [
      [
        [
          1202652.144333,
          7173894.845422001
        ],
        [
          1202698.544945,
          7173917.843133001
        ]
      ],
      [
        [
          1202648.193499,
          7173892.386415
        ],
        [
          1202643.9,
          7173889.100000001
        ]
      ],
      [
        [
          1202702.623961,
          7173920.131577
        ],
        [
          1202906.661818,
          7174048.734283
        ]
      ],
      [
        [
          1202910.499462,
          7174051.410558
        ],
        [
          1202952.1,
          7174083.4
        ]
      ]
    ]
  },
  "1180": {
    "width": 2,